"","Year","anpptot","npptot","C4_npp","C3_npp","aet_y","wsoi_y","SimulationType","Management","totcsoi","Location","Lat","Lon","vegtype0"
"1",1650,0.0824713408946991,0.115056321024895,0,0.115056321024895,463.6494140625,0.471520990133286,"Spinup","Ungrazed",0,"FF",42.73796,-89.75369,10
"2",1651,0.0872881412506104,0.120819576084614,0,0.120819576084614,460.401458740234,0.557529151439667,"Spinup","Ungrazed",0.488763183355331,"FF",42.73796,-89.75369,10
"3",1652,0.0907072871923447,0.125532791018486,0,0.125532791018486,517.256225585938,0.499615669250488,"Spinup","Ungrazed",1.1395275592804,"FF",42.73796,-89.75369,10
"4",1653,0.0705283135175705,0.0962451845407486,0,0.0962451845407486,469.228515625,0.559835910797119,"Spinup","Ungrazed",1.45836675167084,"FF",42.73796,-89.75369,10
"5",1654,0.0866768881678581,0.119467206299305,0,0.119467206299305,499.969848632812,0.516524732112885,"Spinup","Ungrazed",1.42832803726196,"FF",42.73796,-89.75369,10
"6",1655,0.0811057984828949,0.110992886126041,0,0.110992886126041,511.081848144531,0.601179242134094,"Spinup","Ungrazed",1.40354990959167,"FF",42.73796,-89.75369,10
"7",1656,0.0723524913191795,0.0985394939780235,0,0.0985394939780235,518.339172363281,0.576168239116669,"Spinup","Ungrazed",1.46527910232544,"FF",42.73796,-89.75369,10
"8",1657,0.0818470120429993,0.112353399395943,0,0.112353399395943,492.738220214844,0.576561450958252,"Spinup","Ungrazed",1.40860021114349,"FF",42.73796,-89.75369,10
"9",1658,0.0711694955825806,0.09737778455019,0,0.09737778455019,467.102478027344,0.534168839454651,"Spinup","Ungrazed",1.46625173091888,"FF",42.73796,-89.75369,10
"10",1659,0.0712340548634529,0.0977305918931961,0,0.0977305918931961,458.931884765625,0.487275093793869,"Spinup","Ungrazed",1.50608003139496,"FF",42.73796,-89.75369,10
"11",1660,0.0929163321852684,0.128589645028114,0,0.128589645028114,538.363647460938,0.523578584194183,"Spinup","Ungrazed",1.44916760921478,"FF",42.73796,-89.75369,10
"12",1661,0.091449536383152,0.126309305429459,0,0.126309305429459,517.228332519531,0.604563117027283,"Spinup","Ungrazed",1.51488959789276,"FF",42.73796,-89.75369,10
"13",1662,0.0818784534931183,0.112607002258301,0,0.112607002258301,476.806518554688,0.496866583824158,"Spinup","Ungrazed",1.65286338329315,"FF",42.73796,-89.75369,10
"14",1663,0.079842709004879,0.110194094479084,0,0.110194094479084,472.962493896484,0.472870796918869,"Spinup","Ungrazed",1.68362069129944,"FF",42.73796,-89.75369,10
"15",1664,0.0900846645236015,0.124706998467445,0,0.124706998467445,521.438903808594,0.48956310749054,"Spinup","Ungrazed",1.63884842395782,"FF",42.73796,-89.75369,10
"16",1665,0.0913797318935394,0.126097455620766,0,0.126097455620766,541.308410644531,0.593567192554474,"Spinup","Ungrazed",1.65352892875671,"FF",42.73796,-89.75369,10
"17",1666,0.092675007879734,0.127980247139931,0,0.127980247139931,511.582855224609,0.499857306480408,"Spinup","Ungrazed",1.65905034542084,"FF",42.73796,-89.75369,10
"18",1667,0.0839858725667,0.115855239331722,0,0.115855239331722,529.083374023438,0.52227258682251,"Spinup","Ungrazed",1.73701322078705,"FF",42.73796,-89.75369,10
"19",1668,0.0778238028287888,0.106643915176392,0,0.106643915176392,491.848022460938,0.525482058525085,"Spinup","Ungrazed",1.76718831062317,"FF",42.73796,-89.75369,10
"20",1669,0.0808253511786461,0.11093033850193,0,0.11093033850193,549.727844238281,0.517554521560669,"Spinup","Ungrazed",1.71427655220032,"FF",42.73796,-89.75369,10
"21",1670,0.0916087180376053,0.126647815108299,0,0.126647815108299,518.407836914062,0.609444737434387,"Spinup","Ungrazed",1.64243543148041,"FF",42.73796,-89.75369,10
"22",1671,0.0820185467600822,0.112840190529823,0,0.112840190529823,473.822387695312,0.496898472309113,"Spinup","Ungrazed",1.72864079475403,"FF",42.73796,-89.75369,10
"23",1672,0.0925922468304634,0.128031179308891,0,0.128031179308891,539.145080566406,0.518977105617523,"Spinup","Ungrazed",1.76939928531647,"FF",42.73796,-89.75369,10
"24",1673,0.0924950987100601,0.127878561615944,0,0.127878561615944,492.360900878906,0.5795539021492,"Spinup","Ungrazed",1.83180284500122,"FF",42.73796,-89.75369,10
"25",1674,0.0911092311143875,0.12568473815918,0,0.12568473815918,543.927612304688,0.558845043182373,"Spinup","Ungrazed",1.86357927322388,"FF",42.73796,-89.75369,10
"26",1675,0.081479586660862,0.111875921487808,0,0.111875921487808,468.756744384766,0.501246690750122,"Spinup","Ungrazed",1.83465361595154,"FF",42.73796,-89.75369,10
"27",1676,0.0722985416650772,0.0985654070973396,0,0.0985654070973396,520.451843261719,0.485822379589081,"Spinup","Ungrazed",1.84873330593109,"FF",42.73796,-89.75369,10
"28",1677,0.0888277515769005,0.123341418802738,0,0.123341418802738,475.777160644531,0.539528965950012,"Spinup","Ungrazed",1.79053163528442,"FF",42.73796,-89.75369,10
"29",1678,0.0810028687119484,0.110754877328873,0,0.110754877328873,511.922424316406,0.618628263473511,"Spinup","Ungrazed",1.73927569389343,"FF",42.73796,-89.75369,10
"30",1679,0.0916885137557983,0.12653511762619,0,0.12653511762619,528.93408203125,0.595561981201172,"Spinup","Ungrazed",1.80261206626892,"FF",42.73796,-89.75369,10
"31",1680,0.0910640880465508,0.12596869468689,0,0.12596869468689,523.39208984375,0.506508827209473,"Spinup","Ungrazed",1.85301113128662,"FF",42.73796,-89.75369,10
"32",1681,0.0951236635446548,0.132119312882423,0,0.132119312882423,478.250213623047,0.60138875246048,"Spinup","Ungrazed",1.9726665019989,"FF",42.73796,-89.75369,10
"33",1682,0.0923725962638855,0.1277194917202,0,0.1277194917202,552.566101074219,0.486289501190186,"Spinup","Ungrazed",1.96295702457428,"FF",42.73796,-89.75369,10
"34",1683,0.0939688161015511,0.129862636327744,0,0.129862636327744,512.990539550781,0.565587401390076,"Spinup","Ungrazed",1.97786498069763,"FF",42.73796,-89.75369,10
"35",1684,0.0820244774222374,0.112566344439983,0,0.112566344439983,432.417083740234,0.468647986650467,"Spinup","Ungrazed",2.11819934844971,"FF",42.73796,-89.75369,10
"36",1685,0.091596782207489,0.126609921455383,0,0.126609921455383,490.052215576172,0.569099307060242,"Spinup","Ungrazed",2.10913753509521,"FF",42.73796,-89.75369,10
"37",1686,0.0920232534408569,0.127192944288254,0,0.127192944288254,557.252380371094,0.480564504861832,"Spinup","Ungrazed",1.93944680690765,"FF",42.73796,-89.75369,10
"38",1687,0.08723084628582,0.12005066126585,0,0.12005066126585,529.992431640625,0.568068027496338,"Spinup","Ungrazed",2.01727247238159,"FF",42.73796,-89.75369,10
"39",1688,0.07243612408638,0.0987021699547768,0,0.0987021699547768,512.667907714844,0.490480750799179,"Spinup","Ungrazed",2.02518463134766,"FF",42.73796,-89.75369,10
"40",1689,0.0870210453867912,0.119987703859806,0,0.119987703859806,527.948364257812,0.544805228710175,"Spinup","Ungrazed",1.9595959186554,"FF",42.73796,-89.75369,10
"41",1690,0.0895227044820786,0.123476602137089,0,0.123476602137089,508.775177001953,0.525433301925659,"Spinup","Ungrazed",1.94635677337646,"FF",42.73796,-89.75369,10
"42",1691,0.0888619050383568,0.12235976755619,0,0.12235976755619,500.177398681641,0.532903075218201,"Spinup","Ungrazed",2.02486872673035,"FF",42.73796,-89.75369,10
"43",1692,0.102310694754124,0.143277287483215,0,0.143277287483215,534.783813476562,0.587882459163666,"Spinup","Ungrazed",2.09573030471802,"FF",42.73796,-89.75369,10
"44",1693,0.0862353146076202,0.118750527501106,0,0.118750527501106,536.950866699219,0.586350202560425,"Spinup","Ungrazed",2.20728254318237,"FF",42.73796,-89.75369,10
"45",1694,0.0841562002897263,0.116132885217667,0,0.116132885217667,525.210266113281,0.524059116840363,"Spinup","Ungrazed",2.19426083564758,"FF",42.73796,-89.75369,10
"46",1695,0.0818566679954529,0.11255307495594,0,0.11255307495594,466.286102294922,0.504014253616333,"Spinup","Ungrazed",2.02817487716675,"FF",42.73796,-89.75369,10
"47",1696,0.0820932015776634,0.112828299403191,0,0.112828299403191,433.826507568359,0.46668952703476,"Spinup","Ungrazed",2.11367917060852,"FF",42.73796,-89.75369,10
"48",1697,0.0814774930477142,0.112074434757233,0,0.112074434757233,478.794555664062,0.495814204216003,"Spinup","Ungrazed",2.09697365760803,"FF",42.73796,-89.75369,10
"49",1698,0.0901361331343651,0.124268159270287,0,0.124268159270287,513.980285644531,0.527910113334656,"Spinup","Ungrazed",2.0822868347168,"FF",42.73796,-89.75369,10
"50",1699,0.0905580371618271,0.125652223825455,0,0.125652223825455,475.741302490234,0.605811178684235,"Spinup","Ungrazed",2.15297770500183,"FF",42.73796,-89.75369,10
"51",1700,0.0859213694930077,0.117664016783237,0,0.117664016783237,502.784912109375,0.614483416080475,"Spinup","Ungrazed",2.15604972839355,"FF",42.73796,-89.75369,10
"52",1701,0.0713479891419411,0.0975663363933563,0,0.0975663363933563,457.158782958984,0.487648218870163,"Spinup","Ungrazed",2.19386792182922,"FF",42.73796,-89.75369,10
"53",1702,0.0916818529367447,0.127011746168137,0,0.127011746168137,548.116638183594,0.515712559223175,"Spinup","Ungrazed",2.09642505645752,"FF",42.73796,-89.75369,10
"54",1703,0.0895910859107971,0.124103851616383,0,0.124103851616383,481.179901123047,0.543242990970612,"Spinup","Ungrazed",2.0237135887146,"FF",42.73796,-89.75369,10
"55",1704,0.0819334387779236,0.112459719181061,0,0.112459719181061,437.093933105469,0.47139784693718,"Spinup","Ungrazed",2.18817543983459,"FF",42.73796,-89.75369,10
"56",1705,0.0823739543557167,0.113256961107254,0,0.113256961107254,463.379638671875,0.504881083965302,"Spinup","Ungrazed",2.18422627449036,"FF",42.73796,-89.75369,10
"57",1706,0.0870849266648293,0.119908094406128,0,0.119908094406128,499.766387939453,0.517064690589905,"Spinup","Ungrazed",2.12400603294373,"FF",42.73796,-89.75369,10
"58",1707,0.0966427847743034,0.133850008249283,0,0.133850008249283,518.196655273438,0.602138221263885,"Spinup","Ungrazed",2.20816731452942,"FF",42.73796,-89.75369,10
"59",1708,0.0866090506315231,0.118659876286983,0,0.118659876286983,507.671264648438,0.574514627456665,"Spinup","Ungrazed",2.26595997810364,"FF",42.73796,-89.75369,10
"60",1709,0.091584101319313,0.126722306013107,0,0.126722306013107,473.275817871094,0.570091843605042,"Spinup","Ungrazed",2.29520416259766,"FF",42.73796,-89.75369,10
"61",1710,0.0809338167309761,0.110725425183773,0,0.110725425183773,509.197357177734,0.581742405891418,"Spinup","Ungrazed",2.24005818367004,"FF",42.73796,-89.75369,10
"62",1711,0.0958520919084549,0.132674798369408,0,0.132674798369408,515.067443847656,0.604276597499847,"Spinup","Ungrazed",2.25615286827087,"FF",42.73796,-89.75369,10
"63",1712,0.0723550021648407,0.0983031690120697,0,0.0983031690120697,518.998657226562,0.598690092563629,"Spinup","Ungrazed",2.28157138824463,"FF",42.73796,-89.75369,10
"64",1713,0.0895421057939529,0.123661667108536,0,0.123661667108536,509.358367919922,0.524378180503845,"Spinup","Ungrazed",2.23979020118713,"FF",42.73796,-89.75369,10
"65",1714,0.0932405963540077,0.128851369023323,0,0.128851369023323,505.0419921875,0.495153516530991,"Spinup","Ungrazed",2.17766213417053,"FF",42.73796,-89.75369,10
"66",1715,0.0828182995319366,0.113752476871014,0,0.113752476871014,459.943206787109,0.50661313533783,"Spinup","Ungrazed",2.2824547290802,"FF",42.73796,-89.75369,10
"67",1716,0.0700740292668343,0.0974821075797081,0,0.0974821075797081,362.471435546875,0.436948984861374,"Spinup","Ungrazed",2.3796501159668,"FF",42.73796,-89.75369,10
"68",1717,0.085156224668026,0.117735393345356,0,0.117735393345356,525.745483398438,0.546532094478607,"Spinup","Ungrazed",2.23460483551025,"FF",42.73796,-89.75369,10
"69",1718,0.0703376680612564,0.0962912663817406,0,0.0962912663817406,463.846252441406,0.488133579492569,"Spinup","Ungrazed",2.15071249008179,"FF",42.73796,-89.75369,10
"70",1719,0.089046910405159,0.123631864786148,0,0.123631864786148,476.402496337891,0.544213831424713,"Spinup","Ungrazed",2.18617081642151,"FF",42.73796,-89.75369,10
"71",1720,0.100164830684662,0.138783201575279,0,0.138783201575279,573.932250976562,0.599748015403748,"Spinup","Ungrazed",2.10242080688477,"FF",42.73796,-89.75369,10
"72",1721,0.0934377089142799,0.129068374633789,0,0.129068374633789,507.851928710938,0.527831792831421,"Spinup","Ungrazed",2.22732329368591,"FF",42.73796,-89.75369,10
"73",1722,0.0899789854884148,0.12486294656992,0,0.12486294656992,472.917144775391,0.539378345012665,"Spinup","Ungrazed",2.43794822692871,"FF",42.73796,-89.75369,10
"74",1723,0.0905794203281403,0.124915666878223,0,0.124915666878223,541.478332519531,0.62999165058136,"Spinup","Ungrazed",2.38143229484558,"FF",42.73796,-89.75369,10
"75",1724,0.0679478943347931,0.0944249853491783,0,0.0944249853491783,373.313568115234,0.439143598079681,"Spinup","Ungrazed",2.4006290435791,"FF",42.73796,-89.75369,10
"76",1725,0.0866212174296379,0.119957715272903,0,0.119957715272903,484.347869873047,0.519559919834137,"Spinup","Ungrazed",2.28809952735901,"FF",42.73796,-89.75369,10
"77",1726,0.0856285765767097,0.117658585309982,0,0.117658585309982,503.917572021484,0.502763748168945,"Spinup","Ungrazed",2.16834044456482,"FF",42.73796,-89.75369,10
"78",1727,0.0922716781497002,0.12758906185627,0,0.12758906185627,489.836822509766,0.580366015434265,"Spinup","Ungrazed",2.28909373283386,"FF",42.73796,-89.75369,10
"79",1728,0.0721852853894234,0.0982499048113823,0,0.0982499048113823,523.484313964844,0.476179987192154,"Spinup","Ungrazed",2.30348062515259,"FF",42.73796,-89.75369,10
"80",1729,0.0858307331800461,0.118174083530903,0,0.118174083530903,499.560394287109,0.504706144332886,"Spinup","Ungrazed",2.27815318107605,"FF",42.73796,-89.75369,10
"81",1730,0.0719340667128563,0.098211757838726,0,0.098211757838726,442.310180664062,0.452838152647018,"Spinup","Ungrazed",2.26569938659668,"FF",42.73796,-89.75369,10
"82",1731,0.0928367525339127,0.128634810447693,0,0.128634810447693,493.295989990234,0.528322339057922,"Spinup","Ungrazed",2.26279878616333,"FF",42.73796,-89.75369,10
"83",1732,0.0820547938346863,0.112781308591366,0,0.112781308591366,435.129547119141,0.466463446617126,"Spinup","Ungrazed",2.32565999031067,"FF",42.73796,-89.75369,10
"84",1733,0.0922802910208702,0.127669930458069,0,0.127669930458069,554.298767089844,0.477380305528641,"Spinup","Ungrazed",2.30725002288818,"FF",42.73796,-89.75369,10
"85",1734,0.0913003757596016,0.125787660479546,0,0.125787660479546,513.218627929688,0.567735910415649,"Spinup","Ungrazed",2.33093190193176,"FF",42.73796,-89.75369,10
"86",1735,0.0925114378333092,0.128685891628265,0,0.128685891628265,538.172729492188,0.606925308704376,"Spinup","Ungrazed",2.36015677452087,"FF",42.73796,-89.75369,10
"87",1736,0.0680127665400505,0.0945560857653618,0,0.0945560857653618,373.701538085938,0.438445687294006,"Spinup","Ungrazed",2.37152791023254,"FF",42.73796,-89.75369,10
"88",1737,0.0810643583536148,0.111255370080471,0,0.111255370080471,510.303924560547,0.570699453353882,"Spinup","Ungrazed",2.32888793945312,"FF",42.73796,-89.75369,10
"89",1738,0.0926065966486931,0.128257170319557,0,0.128257170319557,490.340972900391,0.627897381782532,"Spinup","Ungrazed",2.28877925872803,"FF",42.73796,-89.75369,10
"90",1739,0.0809213519096375,0.110665202140808,0,0.110665202140808,509.768951416016,0.571655213832855,"Spinup","Ungrazed",2.30569505691528,"FF",42.73796,-89.75369,10
"91",1740,0.0679919794201851,0.0943969935178757,0,0.0943969935178757,375.030517578125,0.539771497249603,"Spinup","Ungrazed",2.33524036407471,"FF",42.73796,-89.75369,10
"92",1741,0.0891611874103546,0.123818524181843,0,0.123818524181843,480.011413574219,0.5382199883461,"Spinup","Ungrazed",2.29632496833801,"FF",42.73796,-89.75369,10
"93",1742,0.0951353460550308,0.132118180394173,0,0.132118180394173,477.217041015625,0.600902915000916,"Spinup","Ungrazed",2.25647950172424,"FF",42.73796,-89.75369,10
"94",1743,0.0815005078911781,0.112136207520962,0,0.112136207520962,525.35498046875,0.466455161571503,"Spinup","Ungrazed",2.31639122962952,"FF",42.73796,-89.75369,10
"95",1744,0.072543777525425,0.0989871695637703,0,0.0989871695637703,508.689208984375,0.488829284906387,"Spinup","Ungrazed",2.3539445400238,"FF",42.73796,-89.75369,10
"96",1745,0.0924097076058388,0.128018334507942,0,0.128018334507942,496.808837890625,0.522740662097931,"Spinup","Ungrazed",2.32535815238953,"FF",42.73796,-89.75369,10
"97",1746,0.0868760570883751,0.119622774422169,0,0.119622774422169,526.470336914062,0.544846892356873,"Spinup","Ungrazed",2.31512022018433,"FF",42.73796,-89.75369,10
"98",1747,0.0894167050719261,0.123315967619419,0,0.123315967619419,507.986053466797,0.524807989597321,"Spinup","Ungrazed",2.33062505722046,"FF",42.73796,-89.75369,10
"99",1748,0.0866957381367683,0.118980437517166,0,0.118980437517166,513.567443847656,0.492386102676392,"Spinup","Ungrazed",2.34233403205872,"FF",42.73796,-89.75369,10
"100",1749,0.0810874775052071,0.111016593873501,0,0.111016593873501,511.547882080078,0.583367109298706,"Spinup","Ungrazed",2.33967733383179,"FF",42.73796,-89.75369,10
"101",1750,0.0953234657645226,0.132445812225342,0,0.132445812225342,476.683685302734,0.603301703929901,"Spinup","Ungrazed",2.34461665153503,"FF",42.73796,-89.75369,10
"102",1751,0.090127982199192,0.12507064640522,0,0.12507064640522,473.179077148438,0.542671740055084,"Spinup","Ungrazed",2.34527659416199,"FF",42.73796,-89.75369,10
"103",1752,0.0659364834427834,0.091073751449585,0,0.091073751449585,453.156677246094,0.541894316673279,"Spinup","Ungrazed",2.34852433204651,"FF",42.73796,-89.75369,10
"104",1753,0.0702264606952667,0.0963924154639244,0,0.0963924154639244,466.310516357422,0.480616956949234,"Spinup","Ungrazed",2.34940361976624,"FF",42.73796,-89.75369,10
"105",1754,0.0809474140405655,0.111266367137432,0,0.111266367137432,545.596618652344,0.52416580915451,"Spinup","Ungrazed",2.34301424026489,"FF",42.73796,-89.75369,10
"106",1755,0.0856766030192375,0.11782743036747,0,0.11782743036747,502.724487304688,0.50517612695694,"Spinup","Ungrazed",2.33390092849731,"FF",42.73796,-89.75369,10
"107",1756,0.0651680156588554,0.0902296453714371,0,0.0902296453714371,454.470367431641,0.503508329391479,"Spinup","Ungrazed",2.32970023155212,"FF",42.73796,-89.75369,10
"108",1757,0.0903921276330948,0.124803207814693,0,0.124803207814693,518.459167480469,0.529322683811188,"Spinup","Ungrazed",2.32840967178345,"FF",42.73796,-89.75369,10
"109",1758,0.081790067255497,0.111998654901981,0,0.111998654901981,495.593872070312,0.62205958366394,"Spinup","Ungrazed",2.32462596893311,"FF",42.73796,-89.75369,10
"110",1759,0.0808930844068527,0.110822834074497,0,0.110822834074497,514.272216796875,0.589754819869995,"Spinup","Ungrazed",2.32174968719482,"FF",42.73796,-89.75369,10
"111",1760,0.0957771837711334,0.132659390568733,0,0.132659390568733,540.756164550781,0.604797601699829,"Spinup","Ungrazed",2.31866025924683,"FF",42.73796,-89.75369,10
"112",1761,0.081506721675396,0.111898683011532,0,0.111898683011532,467.111297607422,0.50267368555069,"Spinup","Ungrazed",2.31820154190063,"FF",42.73796,-89.75369,10
"113",1762,0.0789606869220734,0.108947530388832,0,0.108947530388832,473.181274414062,0.472478926181793,"Spinup","Ungrazed",2.32183909416199,"FF",42.73796,-89.75369,10
"114",1763,0.0815394744277,0.112268067896366,0,0.112268067896366,477.629028320312,0.49079042673111,"Spinup","Ungrazed",2.32347631454468,"FF",42.73796,-89.75369,10
"115",1764,0.0658498108386993,0.0912017896771431,0,0.0912017896771431,454.453735351562,0.500583171844482,"Spinup","Ungrazed",2.32132792472839,"FF",42.73796,-89.75369,10
"116",1765,0.0855945125222206,0.117863550782204,0,0.117863550782204,504.990753173828,0.510826349258423,"Spinup","Ungrazed",2.31842637062073,"FF",42.73796,-89.75369,10
"117",1766,0.0910032838582993,0.12570483982563,0,0.12570483982563,521.934875488281,0.605676651000977,"Spinup","Ungrazed",2.31108474731445,"FF",42.73796,-89.75369,10
"118",1767,0.084754578769207,0.116714663803577,0,0.116714663803577,478.816772460938,0.506783485412598,"Spinup","Ungrazed",2.30957555770874,"FF",42.73796,-89.75369,10
"119",1768,0.100373141467571,0.139316394925117,0,0.139316394925117,563.055603027344,0.530232608318329,"Spinup","Ungrazed",2.3116819858551,"FF",42.73796,-89.75369,10
"120",1769,0.0958059206604958,0.132771089673042,0,0.132771089673042,503.028930664062,0.58046817779541,"Spinup","Ungrazed",2.31161880493164,"FF",42.73796,-89.75369,10
"121",1770,0.086108386516571,0.118273742496967,0,0.118273742496967,499.681488037109,0.506701946258545,"Spinup","Ungrazed",2.32049036026001,"FF",42.73796,-89.75369,10
"122",1771,0.0902099087834358,0.125233247876167,0,0.125233247876167,472.1142578125,0.542807459831238,"Spinup","Ungrazed",2.3280234336853,"FF",42.73796,-89.75369,10
"123",1772,0.077797956764698,0.106263108551502,0,0.106263108551502,492.738891601562,0.59417188167572,"Spinup","Ungrazed",2.33095622062683,"FF",42.73796,-89.75369,10
"124",1773,0.081962063908577,0.112742155790329,0,0.112742155790329,466.964050292969,0.500877261161804,"Spinup","Ungrazed",2.33120107650757,"FF",42.73796,-89.75369,10
"125",1774,0.0843961760401726,0.116554215550423,0,0.116554215550423,527.213073730469,0.522734582424164,"Spinup","Ungrazed",2.3268826007843,"FF",42.73796,-89.75369,10
"126",1775,0.0928462296724319,0.128478199243546,0,0.128478199243546,555.287719726562,0.488956093788147,"Spinup","Ungrazed",2.31917119026184,"FF",42.73796,-89.75369,10
"127",1776,0.090501956641674,0.125126615166664,0,0.125126615166664,524.947692871094,0.5057133436203,"Spinup","Ungrazed",2.31685853004456,"FF",42.73796,-89.75369,10
"128",1777,0.0917293131351471,0.126544505357742,0,0.126544505357742,540.794250488281,0.594204485416412,"Spinup","Ungrazed",2.32086086273193,"FF",42.73796,-89.75369,10
"129",1778,0.072008952498436,0.09812942892313,0,0.09812942892313,442.911224365234,0.449323296546936,"Spinup","Ungrazed",2.32363200187683,"FF",42.73796,-89.75369,10
"130",1779,0.081197664141655,0.111531361937523,0,0.111531361937523,547.664794921875,0.518786609172821,"Spinup","Ungrazed",2.32600998878479,"FF",42.73796,-89.75369,10
"131",1780,0.066639244556427,0.0923680886626244,0,0.0923680886626244,451.5888671875,0.509708166122437,"Spinup","Ungrazed",2.32083201408386,"FF",42.73796,-89.75369,10
"132",1781,0.0896461680531502,0.124535597860813,0,0.124535597860813,480.792755126953,0.543495953083038,"Spinup","Ungrazed",2.31691646575928,"FF",42.73796,-89.75369,10
"133",1782,0.0996377542614937,0.138699904084206,0,0.138699904084206,494.826812744141,0.616823613643646,"Spinup","Ungrazed",2.3117356300354,"FF",42.73796,-89.75369,10
"134",1783,0.0919826775789261,0.127200245857239,0,0.127200245857239,548.681274414062,0.509642899036407,"Spinup","Ungrazed",2.31478428840637,"FF",42.73796,-89.75369,10
"135",1784,0.0824761986732483,0.112987414002419,0,0.112987414002419,438.150848388672,0.555595695972443,"Spinup","Ungrazed",2.32262468338013,"FF",42.73796,-89.75369,10
"136",1785,0.0816674157977104,0.111886352300644,0,0.111886352300644,513.059265136719,0.561627984046936,"Spinup","Ungrazed",2.32734203338623,"FF",42.73796,-89.75369,10
"137",1786,0.0709840953350067,0.0970907509326935,0,0.0970907509326935,471.282348632812,0.521123766899109,"Spinup","Ungrazed",2.32622218132019,"FF",42.73796,-89.75369,10
"138",1787,0.0942788124084473,0.1305251121521,0,0.1305251121521,511.756103515625,0.506683349609375,"Spinup","Ungrazed",2.32313919067383,"FF",42.73796,-89.75369,10
"139",1788,0.0924148410558701,0.127570301294327,0,0.127570301294327,536.400146484375,0.522266626358032,"Spinup","Ungrazed",2.32021999359131,"FF",42.73796,-89.75369,10
"140",1789,0.0926465019583702,0.12802267074585,0,0.12802267074585,490.985321044922,0.579274952411652,"Spinup","Ungrazed",2.32473826408386,"FF",42.73796,-89.75369,10
"141",1790,0.0818843469023705,0.112025834619999,0,0.112025834619999,510.591888427734,0.562327146530151,"Spinup","Ungrazed",2.32839107513428,"FF",42.73796,-89.75369,10
"142",1791,0.0895032286643982,0.123864784836769,0,0.123864784836769,466.898986816406,0.580907046794891,"Spinup","Ungrazed",2.32854390144348,"FF",42.73796,-89.75369,10
"143",1792,0.0916944518685341,0.126931771636009,0,0.126931771636009,518.969421386719,0.504957258701324,"Spinup","Ungrazed",2.32795882225037,"FF",42.73796,-89.75369,10
"144",1793,0.0828560516238213,0.113791413605213,0,0.113791413605213,478.926025390625,0.579659283161163,"Spinup","Ungrazed",2.33073782920837,"FF",42.73796,-89.75369,10
"145",1794,0.0819987878203392,0.11245384812355,0,0.11245384812355,549.354858398438,0.518068909645081,"Spinup","Ungrazed",2.33203935623169,"FF",42.73796,-89.75369,10
"146",1795,0.0723711922764778,0.099161684513092,0,0.099161684513092,462.254730224609,0.489199221134186,"Spinup","Ungrazed",2.33183717727661,"FF",42.73796,-89.75369,10
"147",1796,0.0673734024167061,0.093558743596077,0,0.093558743596077,450.928802490234,0.505786120891571,"Spinup","Ungrazed",2.33054804801941,"FF",42.73796,-89.75369,10
"148",1797,0.0871073082089424,0.120268367230892,0,0.120268367230892,479.339782714844,0.519271910190582,"Spinup","Ungrazed",2.32499694824219,"FF",42.73796,-89.75369,10
"149",1798,0.0831531211733818,0.1143978536129,0,0.1143978536129,467.404113769531,0.503203332424164,"Spinup","Ungrazed",2.31795001029968,"FF",42.73796,-89.75369,10
"150",1799,0.100519008934498,0.139390915632248,0,0.139390915632248,567.241455078125,0.588531136512756,"Spinup","Ungrazed",2.3160228729248,"FF",42.73796,-89.75369,10
"151",1800,0.0823310688138008,0.112517319619656,0,0.112517319619656,510.055358886719,0.571272313594818,"Spinup","Ungrazed",2.31514072418213,"FF",42.73796,-89.75369,10
"152",1801,0.0940243676304817,0.129924029111862,0,0.129924029111862,505.075439453125,0.613870143890381,"Spinup","Ungrazed",2.31727480888367,"FF",42.73796,-89.75369,10
"153",1802,0.0831872597336769,0.114077344536781,0,0.114077344536781,481.429565429688,0.580844938755035,"Spinup","Ungrazed",2.31842589378357,"FF",42.73796,-89.75369,10
"154",1803,0.082427479326725,0.113084129989147,0,0.113084129989147,545.153625488281,0.518147468566895,"Spinup","Ungrazed",2.32078742980957,"FF",42.73796,-89.75369,10
"155",1804,0.0883768126368523,0.121484890580177,0,0.121484890580177,515.043151855469,0.507768034934998,"Spinup","Ungrazed",2.32104325294495,"FF",42.73796,-89.75369,10
"156",1805,0.104211449623108,0.145009770989418,0,0.145009770989418,570.777282714844,0.621230661869049,"Spinup","Ungrazed",2.31924939155579,"FF",42.73796,-89.75369,10
"157",1806,0.082950197160244,0.11405948549509,0,0.11405948549509,527.342712402344,0.466526985168457,"Spinup","Ungrazed",2.32239556312561,"FF",42.73796,-89.75369,10
"158",1807,0.0836508274078369,0.115152224898338,0,0.115152224898338,473.815216064453,0.493084222078323,"Spinup","Ungrazed",2.33219051361084,"FF",42.73796,-89.75369,10
"159",1808,0.0885377675294876,0.121666647493839,0,0.121666647493839,512.149169921875,0.495858669281006,"Spinup","Ungrazed",2.33423137664795,"FF",42.73796,-89.75369,10
"160",1809,0.0974842607975006,0.135219737887383,0,0.135219737887383,500.958099365234,0.590683996677399,"Spinup","Ungrazed",2.33422827720642,"FF",42.73796,-89.75369,10
"161",1810,0.0877325683832169,0.120541073381901,0,0.120541073381901,502.167694091797,0.505367696285248,"Spinup","Ungrazed",2.33826541900635,"FF",42.73796,-89.75369,10
"162",1811,0.0934228450059891,0.129106983542442,0,0.129106983542442,516.464050292969,0.605686902999878,"Spinup","Ungrazed",2.34224557876587,"FF",42.73796,-89.75369,10
"163",1812,0.0717014819383621,0.0998293608427048,0,0.0998293608427048,361.698455810547,0.440415889024734,"Spinup","Ungrazed",2.34524655342102,"FF",42.73796,-89.75369,10
"164",1813,0.094451405107975,0.130800440907478,0,0.130800440907478,494.797637939453,0.572130620479584,"Spinup","Ungrazed",2.35098958015442,"FF",42.73796,-89.75369,10
"165",1814,0.0736373290419579,0.100469186902046,0,0.100469186902046,444.454803466797,0.44636133313179,"Spinup","Ungrazed",2.34977555274963,"FF",42.73796,-89.75369,10
"166",1815,0.0854521989822388,0.118096701800823,0,0.118096701800823,477.957763671875,0.480077564716339,"Spinup","Ungrazed",2.34913611412048,"FF",42.73796,-89.75369,10
"167",1816,0.0673817619681358,0.0933801457285881,0,0.0933801457285881,455.845977783203,0.501573503017426,"Spinup","Ungrazed",2.34310460090637,"FF",42.73796,-89.75369,10
"168",1817,0.10163863748312,0.141122221946716,0,0.141122221946716,569.021911621094,0.588622629642487,"Spinup","Ungrazed",2.3386652469635,"FF",42.73796,-89.75369,10
"169",1818,0.0922010391950607,0.127017855644226,0,0.127017855644226,513.980224609375,0.530439376831055,"Spinup","Ungrazed",2.33395910263062,"FF",42.73796,-89.75369,10
"170",1819,0.0953242182731628,0.132156223058701,0,0.132156223058701,499.053131103516,0.644029557704926,"Spinup","Ungrazed",2.34283757209778,"FF",42.73796,-89.75369,10
"171",1820,0.0672744885087013,0.0929508060216904,0,0.0929508060216904,453.994384765625,0.499594360589981,"Spinup","Ungrazed",2.35252380371094,"FF",42.73796,-89.75369,10
"172",1821,0.0924112349748611,0.127598375082016,0,0.127598375082016,517.589599609375,0.529372751712799,"Spinup","Ungrazed",2.3559136390686,"FF",42.73796,-89.75369,10
"173",1822,0.0737486109137535,0.100703954696655,0,0.100703954696655,445.384796142578,0.484492093324661,"Spinup","Ungrazed",2.35522890090942,"FF",42.73796,-89.75369,10
"174",1823,0.0925020053982735,0.127876311540604,0,0.127876311540604,517.439636230469,0.600176155567169,"Spinup","Ungrazed",2.35314750671387,"FF",42.73796,-89.75369,10
"175",1824,0.0941392183303833,0.130115076899529,0,0.130115076899529,535.859619140625,0.526121377944946,"Spinup","Ungrazed",2.34871101379395,"FF",42.73796,-89.75369,10
"176",1825,0.0949932932853699,0.131494298577309,0,0.131494298577309,492.965576171875,0.536510407924652,"Spinup","Ungrazed",2.35210704803467,"FF",42.73796,-89.75369,10
"177",1826,0.0940723940730095,0.130118861794472,0,0.130118861794472,487.673400878906,0.57765120267868,"Spinup","Ungrazed",2.35901784896851,"FF",42.73796,-89.75369,10
"178",1827,0.0952651798725128,0.131654545664787,0,0.131654545664787,511.141479492188,0.49753350019455,"Spinup","Ungrazed",2.36336922645569,"FF",42.73796,-89.75369,10
"179",1828,0.070048950612545,0.0974262431263924,0,0.0974262431263924,372.182312011719,0.438193619251251,"Spinup","Ungrazed",2.3696653842926,"FF",42.73796,-89.75369,10
"180",1829,0.0842171832919121,0.116165533661842,0,0.116165533661842,529.395568847656,0.466776669025421,"Spinup","Ungrazed",2.37629413604736,"FF",42.73796,-89.75369,10
"181",1830,0.0864424929022789,0.119466453790665,0,0.119466453790665,524.593078613281,0.523450136184692,"Spinup","Ungrazed",2.37305474281311,"FF",42.73796,-89.75369,10
"182",1831,0.0831725597381592,0.11463288217783,0,0.11463288217783,531.523254394531,0.464418768882751,"Spinup","Ungrazed",2.36724853515625,"FF",42.73796,-89.75369,10
"183",1832,0.0743151977658272,0.101413071155548,0,0.101413071155548,516.760192871094,0.489217549562454,"Spinup","Ungrazed",2.36765003204346,"FF",42.73796,-89.75369,10
"184",1833,0.0926559790968895,0.128048360347748,0,0.128048360347748,537.932983398438,0.530382454395294,"Spinup","Ungrazed",2.36327385902405,"FF",42.73796,-89.75369,10
"185",1834,0.0923672169446945,0.127432987093925,0,0.127432987093925,538.982360839844,0.533621966838837,"Spinup","Ungrazed",2.35640668869019,"FF",42.73796,-89.75369,10
"186",1835,0.0830093994736671,0.113668896257877,0,0.113668896257877,546.264892578125,0.524079740047455,"Spinup","Ungrazed",2.35587549209595,"FF",42.73796,-89.75369,10
"187",1836,0.0913688167929649,0.126199394464493,0,0.126199394464493,425.274139404297,0.568147897720337,"Spinup","Ungrazed",2.35924983024597,"FF",42.73796,-89.75369,10
"188",1837,0.0830819308757782,0.113751783967018,0,0.113751783967018,549.612121582031,0.59720516204834,"Spinup","Ungrazed",2.36457538604736,"FF",42.73796,-89.75369,10
"189",1838,0.0914216563105583,0.126903310418129,0,0.126903310418129,488.767578125,0.529069423675537,"Spinup","Ungrazed",2.36247897148132,"FF",42.73796,-89.75369,10
"190",1839,0.0831830725073814,0.113996706902981,0,0.113996706902981,550.221618652344,0.518659949302673,"Spinup","Ungrazed",2.35907173156738,"FF",42.73796,-89.75369,10
"191",1840,0.0915581360459328,0.126477271318436,0,0.126477271318436,424.298980712891,0.568163633346558,"Spinup","Ungrazed",2.36105728149414,"FF",42.73796,-89.75369,10
"192",1841,0.0936413481831551,0.129390850663185,0,0.129390850663185,535.304016113281,0.632402837276459,"Spinup","Ungrazed",2.36566185951233,"FF",42.73796,-89.75369,10
"193",1842,0.0747111141681671,0.101878717541695,0,0.101878717541695,438.691741943359,0.453842878341675,"Spinup","Ungrazed",2.36854815483093,"FF",42.73796,-89.75369,10
"194",1843,0.0926216542720795,0.12793955206871,0,0.12793955206871,537.806579589844,0.525057017803192,"Spinup","Ungrazed",2.36987209320068,"FF",42.73796,-89.75369,10
"195",1844,0.0944659486413002,0.130472674965858,0,0.130472674965858,534.167541503906,0.522610545158386,"Spinup","Ungrazed",2.36602163314819,"FF",42.73796,-89.75369,10
"196",1845,0.0869689956307411,0.120035655796528,0,0.120035655796528,526.4990234375,0.525248229503632,"Spinup","Ungrazed",2.36678671836853,"FF",42.73796,-89.75369,10
"197",1846,0.0879738330841064,0.121224708855152,0,0.121224708855152,480.012084960938,0.509384334087372,"Spinup","Ungrazed",2.36649537086487,"FF",42.73796,-89.75369,10
"198",1847,0.0902427062392235,0.124826200306416,0,0.124826200306416,461.164733886719,0.560287654399872,"Spinup","Ungrazed",2.36726140975952,"FF",42.73796,-89.75369,10
"199",1848,0.0940078571438789,0.130183205008507,0,0.130183205008507,519.951477050781,0.501821160316467,"Spinup","Ungrazed",2.36744952201843,"FF",42.73796,-89.75369,10
"200",1849,0.0981993079185486,0.136572077870369,0,0.136572077870369,478.474304199219,0.601310074329376,"Spinup","Ungrazed",2.37093234062195,"FF",42.73796,-89.75369,10
"201",1850,0.0943545028567314,0.130341738462448,0,0.130341738462448,518.957702636719,0.606901824474335,"Spinup","Ungrazed",2.37457346916199,"FF",42.73796,-89.75369,10
"202",1851,0.0948809832334518,0.13133342564106,0,0.13133342564106,497.820434570312,0.523874759674072,"Spinup","Ungrazed",2.37886357307434,"FF",42.73796,-89.75369,10
"203",1852,0.0688925087451935,0.0953983590006828,0,0.0953983590006828,451.409484863281,0.501274406909943,"Spinup","Ungrazed",2.38513922691345,"FF",42.73796,-89.75369,10
"204",1853,0.0907902419567108,0.125953435897827,0,0.125953435897827,483.480804443359,0.52484917640686,"Spinup","Ungrazed",2.38466763496399,"FF",42.73796,-89.75369,10
"205",1854,0.0746417939662933,0.101912349462509,0,0.101912349462509,443.379852294922,0.451467841863632,"Spinup","Ungrazed",2.37775635719299,"FF",42.73796,-89.75369,10
"206",1855,0.0947998240590096,0.131310194730759,0,0.131310194730759,505.157592773438,0.519306361675262,"Spinup","Ungrazed",2.37645792961121,"FF",42.73796,-89.75369,10
"207",1856,0.0711899250745773,0.0991483703255653,0,0.0991483703255653,371.942932128906,0.439133673906326,"Spinup","Ungrazed",2.37643980979919,"FF",42.73796,-89.75369,10
"208",1857,0.0958464294672012,0.132749944925308,0,0.132749944925308,557.333190917969,0.482434898614883,"Spinup","Ungrazed",2.37742280960083,"FF",42.73796,-89.75369,10
"209",1858,0.0941953063011169,0.130312263965607,0,0.130312263965607,556.784973144531,0.505252540111542,"Spinup","Ungrazed",2.37067770957947,"FF",42.73796,-89.75369,10
"210",1859,0.0849237069487572,0.116592109203339,0,0.116592109203339,480.328979492188,0.58149641752243,"Spinup","Ungrazed",2.37034320831299,"FF",42.73796,-89.75369,10
"211",1860,0.0730683654546738,0.101672276854515,0,0.101672276854515,367.200378417969,0.437410175800323,"Spinup","Ungrazed",2.3739492893219,"FF",42.73796,-89.75369,10
"212",1861,0.0742330998182297,0.101856619119644,0,0.101856619119644,465.116882324219,0.472685903310776,"Spinup","Ungrazed",2.37874794006348,"FF",42.73796,-89.75369,10
"213",1862,0.084713451564312,0.116948388516903,0,0.116948388516903,528.937255859375,0.464289516210556,"Spinup","Ungrazed",2.37746858596802,"FF",42.73796,-89.75369,10
"214",1863,0.0948801040649414,0.131423518061638,0,0.131423518061638,544.449584960938,0.503473281860352,"Spinup","Ungrazed",2.37463140487671,"FF",42.73796,-89.75369,10
"215",1864,0.0898010358214378,0.123117223381996,0,0.123117223381996,511.069885253906,0.574075877666473,"Spinup","Ungrazed",2.37120366096497,"FF",42.73796,-89.75369,10
"216",1865,0.0891684144735336,0.122366696596146,0,0.122366696596146,501.895782470703,0.605522751808167,"Spinup","Ungrazed",2.37255167961121,"FF",42.73796,-89.75369,10
"217",1866,0.0968756899237633,0.134290307760239,0,0.134290307760239,488.292846679688,0.531852602958679,"Spinup","Ungrazed",2.37511682510376,"FF",42.73796,-89.75369,10
"218",1867,0.0934766829013824,0.12894794344902,0,0.12894794344902,506.918884277344,0.529511630535126,"Spinup","Ungrazed",2.38119125366211,"FF",42.73796,-89.75369,10
"219",1868,0.0899746641516685,0.123461060225964,0,0.123461060225964,512.41845703125,0.574046730995178,"Spinup","Ungrazed",2.38890433311462,"FF",42.73796,-89.75369,10
"220",1869,0.0992035046219826,0.13746589422226,0,0.13746589422226,513.79345703125,0.570782601833344,"Spinup","Ungrazed",2.3891818523407,"FF",42.73796,-89.75369,10
"221",1870,0.0841032788157463,0.115166418254375,0,0.115166418254375,543.797180175781,0.523059725761414,"Spinup","Ungrazed",2.39114594459534,"FF",42.73796,-89.75369,10
"222",1871,0.0929032787680626,0.128284692764282,0,0.128284692764282,512.532043457031,0.529451727867126,"Spinup","Ungrazed",2.39441895484924,"FF",42.73796,-89.75369,10
"223",1872,0.0818743854761124,0.112163200974464,0,0.112163200974464,489.543823242188,0.526118576526642,"Spinup","Ungrazed",2.39724516868591,"FF",42.73796,-89.75369,10
"224",1873,0.0845927298069,0.115951381623745,0,0.115951381623745,512.285949707031,0.577053070068359,"Spinup","Ungrazed",2.39839243888855,"FF",42.73796,-89.75369,10
"225",1874,0.0990947112441063,0.137876227498055,0,0.137876227498055,475.654510498047,0.603515446186066,"Spinup","Ungrazed",2.39322710037231,"FF",42.73796,-89.75369,10
"226",1875,0.0953411459922791,0.131876885890961,0,0.131876885890961,498.539947509766,0.524697661399841,"Spinup","Ungrazed",2.39367461204529,"FF",42.73796,-89.75369,10
"227",1876,0.092639148235321,0.127877831459045,0,0.127877831459045,424.129241943359,0.561578214168549,"Spinup","Ungrazed",2.40174603462219,"FF",42.73796,-89.75369,10
"228",1877,0.0964316725730896,0.134322300553322,0,0.134322300553322,537.055541992188,0.608846724033356,"Spinup","Ungrazed",2.40893459320068,"FF",42.73796,-89.75369,10
"229",1878,0.0848469287157059,0.116717077791691,0,0.116717077791691,480.816772460938,0.493872493505478,"Spinup","Ungrazed",2.40702533721924,"FF",42.73796,-89.75369,10
"230",1879,0.0881809294223785,0.121840581297874,0,0.121840581297874,527.418640136719,0.523285627365112,"Spinup","Ungrazed",2.40578174591064,"FF",42.73796,-89.75369,10
"231",1880,0.0717127099633217,0.0999710932374001,0,0.0999710932374001,373.618591308594,0.438271343708038,"Spinup","Ungrazed",2.40305924415588,"FF",42.73796,-89.75369,10
"232",1881,0.0847889706492424,0.116517826914787,0,0.116517826914787,547.3681640625,0.523958802223206,"Spinup","Ungrazed",2.40334606170654,"FF",42.73796,-89.75369,10
"233",1882,0.104305557906628,0.144899681210518,0,0.144899681210518,568.554504394531,0.594104707241058,"Spinup","Ungrazed",2.39541935920715,"FF",42.73796,-89.75369,10
"234",1883,0.0868222638964653,0.119288444519043,0,0.119288444519043,461.239532470703,0.507800161838531,"Spinup","Ungrazed",2.3907630443573,"FF",42.73796,-89.75369,10
"235",1884,0.09067253023386,0.124588847160339,0,0.124588847160339,516.9150390625,0.501715898513794,"Spinup","Ungrazed",2.3952853679657,"FF",42.73796,-89.75369,10
"236",1885,0.0926260873675346,0.128260791301727,0,0.128260791301727,462.71484375,0.566637873649597,"Spinup","Ungrazed",2.396644115448,"FF",42.73796,-89.75369,10
"237",1886,0.0944506451487541,0.131346762180328,0,0.131346762180328,473.149963378906,0.541827023029327,"Spinup","Ungrazed",2.39724278450012,"FF",42.73796,-89.75369,10
"238",1887,0.0951940938830376,0.131473734974861,0,0.131473734974861,541.8173828125,0.630041062831879,"Spinup","Ungrazed",2.39936637878418,"FF",42.73796,-89.75369,10
"239",1888,0.0909677967429161,0.124850526452065,0,0.124850526452065,512.543762207031,0.503564953804016,"Spinup","Ungrazed",2.40067911148071,"FF",42.73796,-89.75369,10
"240",1889,0.108386605978012,0.151231735944748,0,0.151231735944748,572.584045410156,0.621439278125763,"Spinup","Ungrazed",2.40175843238831,"FF",42.73796,-89.75369,10
"241",1890,0.0977438539266586,0.13504196703434,0,0.13504196703434,504.793365478516,0.500280797481537,"Spinup","Ungrazed",2.40280795097351,"FF",42.73796,-89.75369,10
"242",1891,0.089691162109375,0.123903833329678,0,0.123903833329678,524.986206054688,0.52441394329071,"Spinup","Ungrazed",2.40986299514771,"FF",42.73796,-89.75369,10
"243",1892,0.105799831449986,0.14693258702755,0,0.14693258702755,571.066223144531,0.532524228096008,"Spinup","Ungrazed",2.40935587882996,"FF",42.73796,-89.75369,10
"244",1893,0.0865362286567688,0.119086816906929,0,0.119086816906929,480.850006103516,0.50758945941925,"Spinup","Ungrazed",2.40633082389832,"FF",42.73796,-89.75369,10
"245",1894,0.0983263403177261,0.13603350520134,0,0.13603350520134,509.470550537109,0.499440908432007,"Spinup","Ungrazed",2.40976691246033,"FF",42.73796,-89.75369,10
"246",1895,0.092185877263546,0.127014070749283,0,0.127014070749283,527.54541015625,0.55063009262085,"Spinup","Ungrazed",2.4127185344696,"FF",42.73796,-89.75369,10
"247",1896,0.0982397049665451,0.135961547493935,0,0.135961547493935,538.40625,0.519780218601227,"Spinup","Ungrazed",2.41657590866089,"FF",42.73796,-89.75369,10
"248",1897,0.0851335376501083,0.117485605180264,0,0.117485605180264,472.902404785156,0.474477052688599,"Spinup","Ungrazed",2.42037582397461,"FF",42.73796,-89.75369,10
"249",1898,0.0887430310249329,0.122261822223663,0,0.122261822223663,460.962554931641,0.502386748790741,"Spinup","Ungrazed",2.42292356491089,"FF",42.73796,-89.75369,10
"250",1899,0.0765332728624344,0.104859486222267,0,0.104859486222267,462.525939941406,0.476833611726761,"Spinup","Ungrazed",2.42351055145264,"FF",42.73796,-89.75369,10
"251",1900,0.0970751196146011,0.13431541621685,0,0.13431541621685,528.85498046875,0.532990336418152,"Spinup","Ungrazed",2.42261481285095,"FF",42.73796,-89.75369,10
"252",1901,0.0910057872533798,0.125457838177681,0,0.125457838177681,467.29052734375,0.500710308551788,"Spinup","Ungrazed",2.4181649684906,"FF",42.73796,-89.75369,10
"253",1902,0.0996416732668877,0.13823826611042,0,0.13823826611042,491.496520996094,0.531586170196533,"Spinup","Ungrazed",2.42156028747559,"FF",42.73796,-89.75369,10
"254",1903,0.0878763869404793,0.121120542287827,0,0.121120542287827,474.629852294922,0.49146893620491,"Spinup","Ungrazed",2.42664980888367,"FF",42.73796,-89.75369,10
"255",1904,0.0761410146951675,0.106005817651749,0,0.106005817651749,366.588165283203,0.439067721366882,"Spinup","Ungrazed",2.43217086791992,"FF",42.73796,-89.75369,10
"256",1905,0.0874130949378014,0.120007865130901,0,0.120007865130901,510.021270751953,0.565735876560211,"Spinup","Ungrazed",2.43374848365784,"FF",42.73796,-89.75369,10
"257",1906,0.105279676616192,0.146780088543892,0,0.146780088543892,508.175170898438,0.608991086483002,"Spinup","Ungrazed",2.42651748657227,"FF",42.73796,-89.75369,10
"258",1907,0.0770625621080399,0.105323769152164,0,0.105323769152164,462.040740966797,0.479047417640686,"Spinup","Ungrazed",2.42774868011475,"FF",42.73796,-89.75369,10
"259",1908,0.0884469598531723,0.121819220483303,0,0.121819220483303,428.604034423828,0.472655534744263,"Spinup","Ungrazed",2.43514013290405,"FF",42.73796,-89.75369,10
"260",1909,0.0982871726155281,0.136139675974846,0,0.136139675974846,547.340881347656,0.498607903718948,"Spinup","Ungrazed",2.43653059005737,"FF",42.73796,-89.75369,10
"261",1910,0.0779928416013718,0.10643082857132,0,0.10643082857132,446.18994140625,0.484140783548355,"Spinup","Ungrazed",2.43496346473694,"FF",42.73796,-89.75369,10
"262",1911,0.100005634129047,0.138625025749207,0,0.138625025749207,558.710998535156,0.485356360673904,"Spinup","Ungrazed",2.4338014125824,"FF",42.73796,-89.75369,10
"263",1912,0.0886639133095741,0.121847324073315,0,0.121847324073315,430.277191162109,0.510558724403381,"Spinup","Ungrazed",2.42992973327637,"FF",42.73796,-89.75369,10
"264",1913,0.0888270288705826,0.12179721146822,0,0.12179721146822,498.322357177734,0.562979519367218,"Spinup","Ungrazed",2.43475461006165,"FF",42.73796,-89.75369,10
"265",1914,0.10158683359623,0.14110067486763,0,0.14110067486763,493.574310302734,0.602765619754791,"Spinup","Ungrazed",2.43415021896362,"FF",42.73796,-89.75369,10
"266",1915,0.0918556079268456,0.126357570290565,0,0.126357570290565,488.572601318359,0.586858749389648,"Spinup","Ungrazed",2.43719506263733,"FF",42.73796,-89.75369,10
"267",1916,0.0992322117090225,0.137270629405975,0,0.137270629405975,536.937377929688,0.519372463226318,"Spinup","Ungrazed",2.44642233848572,"FF",42.73796,-89.75369,10
"268",1917,0.0771856009960175,0.105541899800301,0,0.105541899800301,458.781402587891,0.487081825733185,"Spinup","Ungrazed",2.45111513137817,"FF",42.73796,-89.75369,10
"269",1918,0.0999537482857704,0.138579413294792,0,0.138579413294792,553.858215332031,0.509929716587067,"Spinup","Ungrazed",2.45274329185486,"FF",42.73796,-89.75369,10
"270",1919,0.0993361100554466,0.137267649173737,0,0.137267649173737,544.270202636719,0.595228910446167,"Spinup","Ungrazed",2.44567656517029,"FF",42.73796,-89.75369,10
"271",1920,0.0957517996430397,0.132234528660774,0,0.132234528660774,423.281494140625,0.559062361717224,"Spinup","Ungrazed",2.44669055938721,"FF",42.73796,-89.75369,10
"272",1921,0.0992828086018562,0.137360349297523,0,0.137360349297523,537.8359375,0.632525742053986,"Spinup","Ungrazed",2.45496106147766,"FF",42.73796,-89.75369,10
"273",1922,0.092261865735054,0.126918971538544,0,0.126918971538544,484.151489257812,0.548894643783569,"Spinup","Ungrazed",2.46027779579163,"FF",42.73796,-89.75369,10
"274",1923,0.0891082882881165,0.122287333011627,0,0.122287333011627,541.963439941406,0.520807147026062,"Spinup","Ungrazed",2.46846723556519,"FF",42.73796,-89.75369,10
"275",1924,0.0783417150378227,0.10905959457159,0,0.10905959457159,369.895599365234,0.446343064308167,"Spinup","Ungrazed",2.47009420394897,"FF",42.73796,-89.75369,10
"276",1925,0.102417916059494,0.142067134380341,0,0.142067134380341,551.661743164062,0.481497019529343,"Spinup","Ungrazed",2.46875810623169,"FF",42.73796,-89.75369,10
"277",1926,0.0972027704119682,0.135001718997955,0,0.135001718997955,487.844635009766,0.529188811779022,"Spinup","Ungrazed",2.45994853973389,"FF",42.73796,-89.75369,10
"278",1927,0.102164976298809,0.141426295042038,0,0.141426295042038,510.582397460938,0.509934306144714,"Spinup","Ungrazed",2.45842456817627,"FF",42.73796,-89.75369,10
"279",1928,0.0762849748134613,0.106309801340103,0,0.106309801340103,374.517547607422,0.438592195510864,"Spinup","Ungrazed",2.46488332748413,"FF",42.73796,-89.75369,10
"280",1929,0.0782690793275833,0.107507884502411,0,0.107507884502411,468.802642822266,0.472215563058853,"Spinup","Ungrazed",2.4728844165802,"FF",42.73796,-89.75369,10
"281",1930,0.0899685695767403,0.12430277466774,0,0.12430277466774,533.490295410156,0.465199261903763,"Spinup","Ungrazed",2.47135806083679,"FF",42.73796,-89.75369,10
"282",1931,0.0977124944329262,0.135993346571922,0,0.135993346571922,473.784484863281,0.540627658367157,"Spinup","Ungrazed",2.46780300140381,"FF",42.73796,-89.75369,10
"283",1932,0.0906827375292778,0.124506808817387,0,0.124506808817387,431.812622070312,0.555574119091034,"Spinup","Ungrazed",2.46727395057678,"FF",42.73796,-89.75369,10
"284",1933,0.0933287963271141,0.128532007336617,0,0.128532007336617,487.436065673828,0.572279334068298,"Spinup","Ungrazed",2.47366690635681,"FF",42.73796,-89.75369,10
"285",1934,0.0913472771644592,0.125811591744423,0,0.125811591744423,465.788848876953,0.500998020172119,"Spinup","Ungrazed",2.47840261459351,"FF",42.73796,-89.75369,10
"286",1935,0.0930521935224533,0.128122642636299,0,0.128122642636299,485.965301513672,0.541893064975739,"Spinup","Ungrazed",2.48067188262939,"FF",42.73796,-89.75369,10
"287",1936,0.101998269557953,0.141291320323944,0,0.141291320323944,534.5322265625,0.519761025905609,"Spinup","Ungrazed",2.48629093170166,"FF",42.73796,-89.75369,10
"288",1937,0.100745528936386,0.139501705765724,0,0.139501705765724,503.038635253906,0.518824756145477,"Spinup","Ungrazed",2.48866033554077,"FF",42.73796,-89.75369,10
"289",1938,0.0932523533701897,0.128353253006935,0,0.128353253006935,483.870086669922,0.545924127101898,"Spinup","Ungrazed",2.49574279785156,"FF",42.73796,-89.75369,10
"290",1939,0.09419996291399,0.129960909485817,0,0.129960909485817,475.950347900391,0.486278295516968,"Spinup","Ungrazed",2.50493311882019,"FF",42.73796,-89.75369,10
"291",1940,0.09419996291399,0.257899463176727,0,0,385.039794921875,0.5045365691185,"Spinup","Ungrazed",2.5173716545105,"FF",42.73796,-89.75369,10
"292",1941,0.0632501021027565,0.0879271328449249,0,0.0879271328449249,415.795440673828,0.455329895019531,"Spinup","Ungrazed",2.52722454071045,"FF",42.73796,-89.75369,10
"293",1942,0.103483252227306,0.144218683242798,0,0.144218683242798,528.078918457031,0.521457970142365,"Spinup","Ungrazed",2.47813940048218,"FF",42.73796,-89.75369,10
"294",1943,0.110586181282997,0.153788566589355,0,0.153788566589355,549.977172851562,0.511508941650391,"Spinup","Ungrazed",2.44891119003296,"FF",42.73796,-89.75369,10
"295",1944,0.105302520096302,0.145763128995895,0,0.145763128995895,427.060241699219,0.598767518997192,"Spinup","Ungrazed",2.4523651599884,"FF",42.73796,-89.75369,10
"296",1945,0.111622788012028,0.154934763908386,0,0.154934763908386,553.504272460938,0.574274241924286,"Spinup","Ungrazed",2.4674060344696,"FF",42.73796,-89.75369,10
"297",1946,0.104181848466396,0.144773215055466,0,0.144773215055466,533.355224609375,0.577001571655273,"Spinup","Ungrazed",2.47364830970764,"FF",42.73796,-89.75369,10
"298",1947,0.110666841268539,0.154360875487328,0,0.154360875487328,496.123687744141,0.537253558635712,"Spinup","Ungrazed",2.48087382316589,"FF",42.73796,-89.75369,10
"299",1948,0.0941635593771935,0.129493027925491,0,0.129493027925491,493.139282226562,0.522583663463593,"Spinup","Ungrazed",2.49274444580078,"FF",42.73796,-89.75369,10
"300",1949,0.0984177961945534,0.135297551751137,0,0.135297551751137,547.479553222656,0.518818736076355,"Spinup","Ungrazed",2.5039598941803,"FF",42.73796,-89.75369,10
"301",1950,0.0986299142241478,0.136397197842598,0,0.136397197842598,538.597351074219,0.464393645524979,"Spinup","Ungrazed",2.50756812095642,"FF",42.73796,-89.75369,10
"302",1951,0.106899477541447,0.14823554456234,0,0.14823554456234,513.218872070312,0.522085845470428,"Spinup","Ungrazed",2.51254940032959,"FF",42.73796,-89.75369,10
"303",1952,0.0839161202311516,0.116773203015327,0,0.116773203015327,360.046691894531,0.453923135995865,"Spinup","Ungrazed",2.52433037757874,"FF",42.73796,-89.75369,10
"304",1953,0.0839161202311516,0.297720611095428,0,0,472.960052490234,0.563195526599884,"Spinup","Ungrazed",2.55383515357971,"FF",42.73796,-89.75369,10
"305",1954,0.0860543772578239,0.120355010032654,0,0.120355010032654,444.798889160156,0.560359716415405,"Spinup","Ungrazed",2.55722880363464,"FF",42.73796,-89.75369,10
"306",1955,0.0872268453240395,0.120530620217323,0,0.120530620217323,460.707702636719,0.484423249959946,"Spinup","Ungrazed",2.50683426856995,"FF",42.73796,-89.75369,10
"307",1956,0.0955464467406273,0.131740361452103,0,0.131740361452103,493.907318115234,0.527175009250641,"Spinup","Ungrazed",2.49008536338806,"FF",42.73796,-89.75369,10
"308",1957,0.1111790984869,0.154598414897919,0,0.154598414897919,550.392028808594,0.505520522594452,"Spinup","Ungrazed",2.48824834823608,"FF",42.73796,-89.75369,10
"309",1958,0.111687272787094,0.155503615736961,0,0.155503615736961,505.043426513672,0.612302362918854,"Spinup","Ungrazed",2.48928046226501,"FF",42.73796,-89.75369,10
"310",1959,0.0986384227871895,0.134926527738571,0,0.134926527738571,554.521301269531,0.602692902088165,"Spinup","Ungrazed",2.49794435501099,"FF",42.73796,-89.75369,10
"311",1960,0.0996250286698341,0.13747750222683,0,0.13747750222683,434.182189941406,0.48858380317688,"Spinup","Ungrazed",2.50769782066345,"FF",42.73796,-89.75369,10
